deltaX,deltaY,deltaTheta,Velocity,SteeringAngle,Time
5.652630,-4.477550,2.073977,5.209357,-0.331707,1.493499
-0.297065,7.261941,0.701710,9.208710,0.502754,1.273090
-1.269560,6.202498,1.713379,9.843407,0.554241,1.163802
5.503340,-4.235316,2.161910,7.185484,-0.337841,1.039391
