deltaX,deltaY,deltaTheta,Velocity,SteeringAngle,Time
1.228653,0.095993,0.155941,5.143543,0.247615,0.239844

