deltaX,deltaY,deltaTheta,Velocity,SteeringAngle,Time
2.987176,3.706364,1.784865,7.134178,0.579345,0.764804
5.876749,-1.135892,-0.381863,8.936846,-0.126158,0.673844
1.688268,-6.791286,-2.654284,8.158249,-0.506462,1.173045